id,titulo,contenido
1,Avances en celdas solares perovskita,Las celdas de perovskita han alcanzado eficiencia de hasta 25% con reducción de costos de producción.
2,Aerogeneradores inteligentes,Sensores y algoritmos optimizan la producción de energía eólica en parques terrestres y marinos.
3,Baterías de flujo para almacenamiento,"Permiten almacenar energía solar y eólica de manera eficiente y segura, con ciclos de vida prolongados."
4,Paneles solares urbanos,"Integración de paneles solares en edificios y superficies urbanas, facilitando autoconsumo."
5,Microcentrales hidráulicas,"Generación eléctrica de baja escala con mínimo impacto ambiental, adecuada para comunidades rurales."
6,Innovaciones en almacenamiento de energía,Sistemas térmicos y electroquímicos permiten almacenar energía renovable de forma estable.
7,Optimización de parques eólicos,Software predictivo y sensores ajustan la posición de turbinas para maximizar la producción.
8,Predicción de viento mediante IA,Modelos de machine learning anticipan patrones de viento para planificación eficiente.
9,Paneles solares flexibles,"Diseño flexible que permite instalación en superficies curvas y móviles, aumentando la cobertura."
10,Mantenimiento remoto de instalaciones,Sensores IoT y monitoreo remoto permiten detectar fallos y optimizar la operación de plantas.
11,Energía geotérmica,Aprovecha el calor interno de la Tierra para generar electricidad de manera constante y sostenible.
12,Sistemas híbridos de energía,"Combinación de solar, eólica y almacenamiento para garantizar suministro estable en zonas remotas."
13,Paneles solares de concentración,Usan lentes o espejos para concentrar luz y aumentar la eficiencia de conversión.
14,Redes inteligentes,Smart grids gestionan la energía proveniente de fuentes renovables de manera eficiente.
15,Investigación de materiales solares,Nuevos materiales aumentan durabilidad y eficiencia de paneles solares.
16,Eficiencia energética en turbinas eólicas,Mejoras en aerodinámica y materiales reducen pérdidas y aumentan la producción.
17,Almacenamiento térmico,Permite guardar energía solar en forma de calor para uso posterior en calefacción o generación eléctrica.
18,Impacto ambiental de energías renovables,"Estudios sobre fauna, flora y ecosistemas afectados por instalaciones solares, eólicas e hidráulicas."
19,Innovación en microredes,Implementación de microredes locales para gestionar producción y consumo de energía renovable.
20,Tendencias en energía eólica offshore,Desarrollo de turbinas más grandes y eficientes para instalaciones marinas.
21,Optimización de mantenimiento predictivo,Uso de algoritmos de IA para predecir fallos y reducir costos operativos en plantas de energía.
22,Integración de almacenamiento distribuido,Sistemas de baterías domésticas y comunitarias para optimizar uso de energía solar y eólica.
23,Monitoreo en tiempo real de energía,Sensores y software permiten seguimiento constante de producción y consumo.
24,Innovaciones en celdas fotovoltaicas bifaciales,"Capturan luz por ambos lados, aumentando significativamente la energía generada."
25,Automatización en parques eólicos,"Robots y drones inspeccionan turbinas, reduciendo riesgos y costos de mantenimiento."
